{
	"description": "项目配置文件",
	"packOptions": {
		"ignore": []
	},
	"setting": {
		"urlCheck": false,
		"es6": true,
		"postcss": true,
		"preloadBackgroundData": false,
		"minified": true,
		"newFeature": true,
		"coverView": true,
		"autoAudits": false,
		"showShadowRootInWxmlPanel": true,
		"scopeDataCheck": false,
		"checkInvalidKey": true,
		"checkSiteMap": true,
		"uploadWithSourceMap": true,
		"babelSetting": {
			"ignore": [],
			"disablePlugins": [],
			"outputPath": ""
		},
		"useCompilerModule": false,
		"userConfirmedUseCompilerModuleSwitch": false
	},
	"compileType": "miniprogram",
	"libVersion": "2.12.0",
	"appid": "wxadd84841bd31a665",
	"projectname": "wx_project",
	"debugOptions": {
		"hidedInDevtools": []
	},
	"isGameTourist": false,
	"simulatorType": "wechat",
	"simulatorPluginLibVersion": {},
	"condition": {
		"search": {
			"current": -1,
			"list": []
		},
		"conversation": {
			"current": -1,
			"list": []
		},
		"plugin": {
			"current": -1,
			"list": []
		},
		"game": {
			"currentL": -1,
			"list": []
		},
		"gamePlugin": {
			"current": -1,
			"list": []
		},
		"miniprogram": {
			"current": -1,
			"list": [
				{
					"id": -1,
					"name": "pages/record/record",
					"pathName": "pages/record/record",
					"query": "",
					"scene": null
				},
				{
					"id": -1,
					"name": "pages/my/my",
					"pathName": "pages/my/my",
					"query": "",
					"scene": null
				},
				{
					"id": -1,
					"name": "pages/index/exchange/exchange",
					"pathName": "pages/index/exchange/exchange",
					"query": "",
					"scene": null
				},
				{
					"id": -1,
					"name": "pages/index/exchangeWin/exchangeWin",
					"pathName": "pages/index/exchangeWin/exchangeWin",
					"query": "",
					"scene": null
				},
				{
					"id": -1,
					"name": "pages/index/nowBuy/nowBuy",
					"pathName": "pages/index/nowBuy/nowBuy",
					"query": "",
					"scene": null
				},
				{
					"id": -1,
					"name": "pages/index/oldDispose/oldDispose",
					"pathName": "pages/index/oldDispose/oldDispose",
					"query": "",
					"scene": null
				},
				{
					"id": -1,
					"name": "pages/index/reserve/reserve",
					"pathName": "pages/index/reserve/reserve",
					"query": "",
					"scene": null
				},
				{
					"id": -1,
					"name": "pages/index/succeed/succeed",
					"pathName": "pages/index/succeed/succeed",
					"query": "",
					"scene": null
				},
				{
					"id": -1,
					"name": "pages/index/shopDetail/shopDetail",
					"pathName": "pages/index/shopDetail/shopDetail",
					"query": "",
					"scene": null
				},
				{
					"id": -1,
					"name": "pages/my/about_we/about_we",
					"pathName": "pages/my/about_we/about_we",
					"query": "",
					"scene": null
				},
				{
					"id": -1,
					"name": "pages/my/address/address",
					"pathName": "pages/my/address/address",
					"query": "",
					"scene": null
				},
				{
					"id": -1,
					"name": "pages/my/address_add/address_add",
					"pathName": "pages/my/address_add/address_add",
					"query": "",
					"scene": null
				},
				{
					"id": -1,
					"name": "pages/my/collect/collect",
					"pathName": "pages/my/collect/collect",
					"query": "",
					"scene": null
				},
				{
					"id": -1,
					"name": "pages/my/message/message",
					"pathName": "pages/my/message/message",
					"query": "",
					"scene": null
				},
				{
					"id": -1,
					"name": "pages/my/message/mes_detail/mes_detail",
					"pathName": "pages/my/message/mes_detail/mes_detail",
					"query": "",
					"scene": null
				},
				{
					"id": -1,
					"name": "pages/my/share/share",
					"pathName": "pages/my/share/share",
					"query": "",
					"scene": null
				},
				{
					"id": -1,
					"name": "pages/my/stay_payment/stay_payment",
					"pathName": "pages/my/stay_payment/stay_payment",
					"query": "",
					"scene": null
				},
				{
					"id": -1,
					"name": "pages/my/yb_detail/yb_detail",
					"pathName": "pages/my/yb_detail/yb_detail",
					"query": "",
					"scene": null
				},
				{
					"id": -1,
					"name": "pages/auth/auth",
					"pathName": "pages/auth/auth",
					"scene": null
				}
			]
		}
	}
}