{
	"description": "项目配置文件",
	"packOptions": {
		"ignore": []
	},
	"setting": {
		"urlCheck": false,
		"es6": true,
		"postcss": true,
		"minified": true,
		"newFeature": true,
		"autoAudits": false,
		"checkSiteMap": false
	},
	"compileType": "miniprogram",
	"libVersion": "2.7.3",
	"appid": "wx6d5f9aa06c976800",
	"projectname": "water",
	"debugOptions": {
		"hidedInDevtools": []
	},
	"isGameTourist": false,
	"simulatorType": "wechat",
	"simulatorPluginLibVersion": {},
	"condition": {
		"search": {
			"current": -1,
			"list": []
		},
		"conversation": {
			"current": -1,
			"list": []
		},
		"plugin": {
			"current": -1,
			"list": []
		},
		"game": {
			"currentL": -1,
			"list": []
		},
		"gamePlugin": {
			"current": -1,
			"list": []
		},
		"miniprogram": {
			"current": -1,
			"list": [
				{
					"id": 0,
					"name": "1",
					"pathName": "pages/index/home/home",
					"query": "",
					"scene": null
				},
				{
					"id": -1,
					"name": "pages/index/mine/insertCoin/insertCoin",
					"pathName": "pages/index/mine/insertCoin/insertCoin",
					"query": "",
					"scene": null
				},
				{
					"id": -1,
					"name": "pages/index/home/cardManage/cardManage",
					"pathName": "pages/index/home/cardManage/cardManage",
					"scene": null
				}
			]
		}
	}
}